<?xml version="1.0" encoding="UTF-8"?>
<project-private xmlns="http://www.netbeans.org/ns/project-private/1">
    <editor-bookmarks xmlns="http://www.netbeans.org/ns/editor-bookmarks/2" lastBookmarkId="0"/>
    <open-files xmlns="http://www.netbeans.org/ns/projectui-open-files/2">
        <group>
            <file>file:/C:/wamp/www/Sample/index.php</file>
            <file>file:/C:/wamp/www/Sample/login.php</file>
            <file>file:/C:/wamp/www/Sample/registration.php</file>
            <file>file:/C:/wamp/www/Sample/connection.php</file>
            <file>file:/C:/wamp/www/Sample/home.php</file>
        </group>
    </open-files>
</project-private>
